id,focus,signal,slack,drag,confidence,score,lane,kind,invariant
g001,packet span,44,73,21,89,349,ship,baseline,monotonic-signal
g002,retry pressure,44,45,15,20,173,watch,edge,drag-penalty
g003,route drift,91,69,14,74,426,ship,recovery,confidence-floor
g004,socket risk,74,48,15,22,243,ship,negative,lane-boundary
g005,packet span,69,40,38,43,190,watch,baseline,monotonic-signal
g006,retry pressure,70,39,9,58,307,ship,edge,drag-penalty
g007,route drift,30,41,17,27,145,watch,recovery,confidence-floor
g008,socket risk,58,9,22,102,272,ship,negative,lane-boundary
g009,packet span,31,66,5,58,295,ship,baseline,monotonic-signal
g010,retry pressure,65,27,19,84,295,ship,edge,drag-penalty
g011,route drift,86,10,28,101,310,ship,recovery,confidence-floor
g012,socket risk,100,39,34,71,318,ship,negative,lane-boundary
g013,packet span,66,21,22,104,316,ship,baseline,monotonic-signal
g014,retry pressure,97,14,34,82,284,ship,edge,drag-penalty
g015,route drift,72,13,41,32,111,hold,recovery,confidence-floor
g016,socket risk,107,15,4,55,342,ship,negative,lane-boundary
g017,packet span,84,54,29,28,245,ship,baseline,monotonic-signal
g018,retry pressure,76,76,22,105,448,ship,edge,drag-penalty
g019,route drift,31,54,20,62,234,ship,recovery,confidence-floor
g020,socket risk,100,46,42,88,342,ship,negative,lane-boundary
g021,packet span,94,9,33,105,317,ship,baseline,monotonic-signal
g022,retry pressure,51,63,9,73,347,ship,edge,drag-penalty
g023,route drift,77,58,20,21,252,ship,recovery,confidence-floor
g024,socket risk,93,23,6,42,298,ship,negative,lane-boundary
g025,packet span,105,68,42,57,334,ship,baseline,monotonic-signal
g026,retry pressure,70,68,41,26,205,ship,edge,drag-penalty
g027,route drift,100,35,42,101,346,ship,recovery,confidence-floor
g028,socket risk,31,56,23,57,219,ship,negative,lane-boundary
g029,packet span,44,69,36,83,284,ship,baseline,monotonic-signal
g030,retry pressure,54,8,44,100,192,watch,edge,drag-penalty
g031,route drift,62,50,7,70,343,ship,recovery,confidence-floor
g032,socket risk,85,74,32,103,428,ship,negative,lane-boundary
g033,packet span,85,53,4,81,426,ship,baseline,monotonic-signal
g034,retry pressure,44,45,13,31,201,watch,edge,drag-penalty
g035,route drift,115,44,19,54,369,ship,recovery,confidence-floor
g036,socket risk,110,46,7,27,345,ship,negative,lane-boundary
g037,packet span,111,14,19,104,401,ship,baseline,monotonic-signal
g038,retry pressure,71,71,26,61,328,ship,edge,drag-penalty
g039,route drift,99,32,31,87,343,ship,recovery,confidence-floor
g040,socket risk,72,15,14,104,340,ship,negative,lane-boundary
g041,packet span,106,44,7,72,423,ship,baseline,monotonic-signal
g042,retry pressure,39,26,5,20,155,watch,edge,drag-penalty
g043,route drift,53,19,27,41,145,watch,recovery,confidence-floor
g044,socket risk,107,18,18,56,308,ship,negative,lane-boundary
g045,packet span,50,20,36,25,82,hold,baseline,monotonic-signal
g046,retry pressure,113,59,5,100,529,ship,edge,drag-penalty
g047,route drift,60,11,33,56,155,watch,recovery,confidence-floor
g048,socket risk,37,59,27,82,275,ship,negative,lane-boundary
g049,packet span,117,51,26,99,456,ship,baseline,monotonic-signal
g050,retry pressure,72,14,27,69,229,ship,edge,drag-penalty
g051,route drift,53,68,8,102,422,ship,recovery,confidence-floor
g052,socket risk,47,63,21,80,317,ship,negative,lane-boundary
g053,packet span,92,28,29,30,213,ship,baseline,monotonic-signal
g054,retry pressure,30,73,34,53,210,ship,edge,drag-penalty
g055,route drift,46,73,17,26,239,ship,recovery,confidence-floor
g056,socket risk,58,40,31,103,309,ship,negative,lane-boundary
g057,packet span,111,61,40,60,344,ship,baseline,monotonic-signal
g058,retry pressure,53,74,4,86,414,ship,edge,drag-penalty
g059,route drift,72,13,34,103,274,ship,recovery,confidence-floor
g060,socket risk,85,55,4,71,410,ship,negative,lane-boundary
g061,packet span,95,9,11,105,385,ship,baseline,monotonic-signal
g062,retry pressure,103,58,16,40,354,ship,edge,drag-penalty
g063,route drift,38,50,41,55,163,watch,recovery,confidence-floor
g064,socket risk,38,49,34,24,120,hold,negative,lane-boundary
g065,packet span,85,51,32,99,374,ship,baseline,monotonic-signal
g066,retry pressure,68,19,12,55,248,ship,edge,drag-penalty
g067,route drift,63,76,45,81,305,ship,recovery,confidence-floor
g068,socket risk,64,37,21,98,335,ship,negative,lane-boundary
g069,packet span,112,20,32,68,304,ship,baseline,monotonic-signal
g070,retry pressure,52,49,18,101,350,ship,edge,drag-penalty
g071,route drift,113,31,12,79,410,ship,recovery,confidence-floor
g072,socket risk,59,24,11,29,191,watch,negative,lane-boundary
g073,packet span,80,23,12,52,274,ship,baseline,monotonic-signal
g074,retry pressure,94,25,35,25,183,watch,edge,drag-penalty
g075,route drift,60,64,6,102,434,ship,recovery,confidence-floor
g076,socket risk,91,16,14,59,290,ship,negative,lane-boundary
g077,packet span,66,64,19,85,373,ship,baseline,monotonic-signal
g078,retry pressure,101,56,44,102,386,ship,edge,drag-penalty
g079,route drift,78,19,16,70,286,ship,recovery,confidence-floor
g080,socket risk,70,73,25,104,419,ship,negative,lane-boundary
g081,packet span,113,68,31,39,347,ship,baseline,monotonic-signal
g082,retry pressure,94,33,19,54,305,ship,edge,drag-penalty
g083,route drift,88,8,31,23,145,watch,recovery,confidence-floor
g084,socket risk,45,8,38,98,188,watch,negative,lane-boundary
g085,packet span,71,45,43,54,211,ship,baseline,monotonic-signal
g086,retry pressure,87,66,26,80,388,ship,edge,drag-penalty
g087,route drift,99,9,19,97,353,ship,recovery,confidence-floor
g088,socket risk,64,18,17,67,247,ship,negative,lane-boundary
g089,packet span,94,60,39,100,391,ship,baseline,monotonic-signal
g090,retry pressure,113,14,30,78,320,ship,edge,drag-penalty
g091,route drift,38,63,6,28,240,ship,recovery,confidence-floor
g092,socket risk,48,55,17,51,257,ship,negative,lane-boundary
g093,packet span,56,54,45,24,133,watch,baseline,monotonic-signal
g094,retry pressure,79,56,39,101,355,ship,edge,drag-penalty
g095,route drift,79,24,38,58,208,ship,recovery,confidence-floor
g096,socket risk,38,11,39,84,149,watch,negative,lane-boundary
